{
  "Actor": {
    "types": [
      "character"
    ],
    "templates": {
      "base": {
        "version": 1
      }
    },
    "character": {
      "templates": ["base"],
      "biography": "",
      "age": 13,
      "race": "",
      "sex": "",
      "social": "",
      "imbalance": "",
      "favour": "",
      "patron": "",
      "attributes": {
        "attack": {
          "orig": 40,
          "temp": "",
          "used": false
        },
        "missile": {
          "orig": 40,
          "temp": "",
          "used": false
        },
        "defence": {
          "orig": 40,
          "temp": "",
          "used": false
        },
        "knowledge": {
          "orig": 40,
          "temp": "",
          "used": false
        },
        "will": {
          "orig": 40,
          "temp": "",
          "used": false
        },
        "endurance": {
          "orig": 40,
          "temp": "",
          "used": false
        },
        "persuasion": {
          "orig": 40,
          "temp": "",
          "used": false
        },
        "perception": {
          "orig": 40,
          "temp": "",
          "used": false
        },
        "speed": {
          "orig": 40,
          "temp": "",
          "used": false
        },
        "agility": {
          "orig": 40,
          "temp": "",
          "used": false
        }
      },
      "characteristics": {
        "characteristic1": "",
        "characteristic2": "",
        "characteristic3": ""
      },
      "wounds": {
        "wounds": [0,0,0,0,0,0,0,0,0,0,0],
        "bloodloss": 0,
        "injuries": "",
        "bleeding": "",
        "longterm": ""
      },
      "armour": {
        "armour": "",
        "ar": "",
        "penalty": ""
      },
      "notes": "",
      "equipment": "",
      "languages:": {
        "lang1": "",
        "lang2": "",
        "lang3": "",
        "lang4": ""
      },
      "events": {
        "supernatural": "",
        "careers": {
          "c1": {
            "living": "",
            "years": "",
            "event": ""
          },
          "c2": {
            "living": "",
            "years": "",
            "event": ""
          },
          "c3": {
            "living": "",
            "years": "",
            "event": ""
          },
          "c4": {
            "living": "",
            "years": "",
            "event": ""
          },
          "c5": {
            "living": "",
            "years": "",
            "event": ""
          },
          "c6": {
            "living": "",
            "years": "",
            "event": ""
          }
        }
      },
      "money": {
        "amount": ""
      },
      "initiative": {
        "modifier": 0
      },
      "hp": {
        "value": 0,
        "max": 0,
        "wounds": 0
      }
    }
  },
  "Item": {
    "types": ["ability", "weapon", "equipment"],

    "templates": {
      "common": {
        "notes": "",
        "order": -1,
        "version": 1
      },
      "sellable": {
        "price": "0"
      },
      "carriable": {
        "carriable": true
      }
    },
    "ability": {
      "templates": ["common"],
      "rank": "",
      "benefit": ""
    },
    "weapon": {
      "templates": ["common", "carriable", "sellable"],
      "as": "",
      "ds": "",
      "damage": "",
      "range": "",
      "attributes": {
        "attack": "attack",
        "defence": "defence"
      }
    },
    "equipment": {
      "templates": ["common", "carriable", "sellable"],
      "description": ""
    }
  }
}
