{
  "name": "maelstrom",
  "title": "Maelstrom",
  "description": "Fan contributed support for Maelstrom Domesday / Gothic / Rome",
  "version": "0.1.1",
  "author": "snorith",
  "scripts": [
    "lib/tooltipster/tooltipster.bundle.min.js"
  ],
  "esmodules": [
    "maelstrom.js"
  ],
  "styles": [
    "maelstrom.css",
    "lib/tooltipster/tooltipster.bundle.min.css"
  ],
  "packs": [],
  "languages": [
    {
      "lang": "en",
      "name": "English",
      "path": "lang/en.json"
    }
  ],
  "gridDistance": 1,
  "gridUnits": "",
  "minimumCoreVersion": "0.7.0",
  "compatibleCoreVersion": "0.7.0",
  "manifest": "",
  "download": "",
  "license": "LICENSE",
  "readme": "https://github.com/snorith/maelstrom#readme",
  "bugs": "https://github.com/snorith/maelstrom/issues",
  "changelog": "https://github.com/snorith/maelstrom#readme",
  "primaryTokenAttribute": "hp"
}
