{
	"name": "maelstrom",
	"title": "Maelstrom",
	"description": "Fan contributed support for Maelstrom Domesday / Gothic / Rome",
	"version": "0.3.0",
	"templateVersion": 2,
	"author": "snorith (Stephen Smith)",
	"scripts": [
		"lib/tooltipster/tooltipster.bundle.min.js"
	],
	"esmodules": ["maelstrom.js"],
	"styles": [
		"maelstrom.css",
		"lib/tooltipster/tooltipster.bundle.min.css"
	],
	"packs": [],
	"languages": [
		{
			"lang": "en",
			"name": "English",
			"path": "lang/en.json"
		}
	],
	"socket": false,
	"gridDistance": 10,
	"gridUnits": "ft",
	"minimumCoreVersion": "0.8.8",
	"compatibleCoreVersion": "0.8.8",
	"manifest": "https://raw.githubusercontent.com/snorith/maelstrom/master/src/system.json",
	"download": "https://raw.githubusercontent.com/snorith/maelstrom/v0.3.0/package/maelstrom-v0.3.0.zip",
	"license": "LICENSE",
	"readme": "https://github.com/snorith/maelstrom#readme",
	"bugs": "https://github.com/snorith/maelstrom/issues",
	"changelog": "https://github.com/snorith/maelstrom#changelog",
	"primaryTokenAttribute": "hp",
	"url": "https://github.com/snorith/maelstrom.git"
}